https://img.zcool.cn/community/01d2c55f3dd7fba801215aa05e15ef.jpg,零基础也能拍高质量短片,学习视频,无,无,无,站酷海洛
https://img.zcool.cn/community/010a335f3c8c68a801215aa0b9d04f.jpg,原创七夕情侣插画,特别企划,无,无,无,站酷高高手
https://img.zcool.cn/community/01d6835f2ccb50a80120a821d71538.jpg@260w_195h_1c_1e_1o_100sh.jpg,增长思维做设计,文章-观点-UI,2.8w,77,431,['ExperienceDesign']
https://img.zcool.cn/community/0131555f2cb803a80120a821de4d0e.jpg@260w_195h_1c_1e_1o_100sh.jpg,《乐夏》开播前，五条人就已经靠设计出圈了,文章-资讯-多领域,3.5w,56,702,['BranD杂志']
https://img.zcool.cn/community/0181c95f286e70a80120a821faea59.jpg@260w_195h_1c_1e_1o_100sh.jpg,若来文创--动物园里有什么,平面-吉祥物,7.7w,171,1399,['快乐肥宅小鱼仔']
https://img.zcool.cn/community/011d7b5f22ff87a80120a8216ea8de.jpg@260w_195h_1c_1e_1o_100sh.jpg,作为《海贼王》的资深海米，我们把它玩成了定格动画,动漫-其他动漫,4.5w,98,1223,['IN_STUDIO']
https://img.zcool.cn/community/01f7365f1f998ea80120a8218b5407.jpg@260w_195h_1c_1e_1o_100sh.jpg,【犬系女孩】-吉祥物-IP形象全案,平面-吉祥物,2.5w,96,1175,['OWL丨studio']
https://img.zcool.cn/community/0151ff5f1a54e5a8012066218c21fc.jpg@260w_195h_1c_1e_1o_100sh.jpg,李子哥刮画作品《父亲的草原》,纯艺术-其他艺创,2.6w,69,904,['李子哥']
https://img.zcool.cn/community/01c7475f165de5a801215aa04bdaab.jpg@260w_195h_1c_1e_1o_100sh.jpg,瑞幸咖啡×潘虎｜好一杯瑞幸 先干为敬,平面-包装,6.3w,226,1283,['潘虎设计实验室']
https://img.zcool.cn/community/0143895efee026a8012066218eefa4.jpg@260w_195h_1c_1e_1o_100sh.jpg,溜溜的故事溜溜的回味,平面-品牌,7.6w,70,655,['剣雨阑心']
