url地址,作品名,作品类型,人气数,评论数,点赞数,作者
https://img.zcool.cn/community/0155075f3a9950a80120a8211ebc84.jpg@260w_195h_1c_1e_1o_100sh.jpg,【打开新视界，享受多彩生活】蔡司包装设计,平面-包装,827,16,79,STARTALK星话
https://img.zcool.cn/community/01926b5f3b32f2a801215aa029cead.jpg@260w_195h_1c_1e_1o_100sh.jpg,【绿衣女】,影视-设定/分镜,3698,24,252,bigballgao
https://img.zcool.cn/community/0129175f2fd1fba801215aa07241a6.jpg@260w_195h_1c_1e_1o_100sh.jpg,最美西部之在路上宣言,摄影-风光,2907,14,249,路遥Suvan
https://img.zcool.cn/community/01c0215f3a8c53a801215aa081be2b.jpg@260w_195h_1c_1e_1o_100sh.jpg,Redmi 10X系列＆K30至尊纪念版,网页-其他网页,3261,62,255,尽头
https://img.zcool.cn/community/01f3955f3b469fa801215aa0814fc6.jpg,【创意周报】八月 - 第三周,特别企划,无,无,无,站酷海洛
https://img.zcool.cn/community/0160fa5f3a42d9a80120a821fc0586.jpg@260w_195h_1c_1e_1o_100sh.jpg,如何用文化 IP 重塑东方滋补文化？,平面-包装,9982,16,198,容品牌
https://img.zcool.cn/community/01cf375f3abfc9a80120a8219c93c4.jpg@260w_195h_1c_1e_1o_100sh.jpg,keep u style姿态【动物摄影师何某某个人作品27】,摄影-动物,8519,22,221,超级何某某
https://img.zcool.cn/community/0181445f3b34a0a80120a821cd10ad.jpg@260w_195h_1c_1e_1o_100sh.jpg,水族人民智慧结晶,手工艺-其他手工,2372,10,69,王丹青爱手创
https://img.zcool.cn/community/0140045f3a78f3a80120a8218a3a38.jpg@260w_195h_1c_1e_1o_100sh.jpg,手机摄影 - 内蒙青海,摄影-手机,4184,17,155,thomas看看世界
https://img.zcool.cn/community/01e8ba5f3ab614a80120a821abd249.jpg@260w_195h_1c_1e_1o_100sh.jpg,平实不平庸-浅谈大师焦段50mm镜头,文章-教程-摄影,2675,13,70,七七小菇凉
https://img.zcool.cn/community/01b3fd5f3a8cdda80120a821519139.jpg@260w_195h_1c_1e_1o_100sh.jpg,集一波插画,插画-商业插画,10295,25,370,starry阿星
https://img.zcool.cn/community/01444e5f3a8cbfa801215aa0d16ae6.jpg@260w_195h_1c_1e_1o_100sh.jpg,创意广告 | 脖子不舒服 用SKG颈部按摩仪 K5,影视-短片,10567,38,169,Foodography
https://img.zcool.cn/community/0155f55f3a3778a801215aa0b1ab4e.jpg@260w_195h_1c_1e_1o_100sh.jpg,雕塑作品？不，是月餅。【自然造物】,工业/产品-礼品/纪念品,18432,60,385,王猛涛Tee
https://img.zcool.cn/community/01fc685f3a1c6fa801215aa0fe2a4d.jpg@260w_195h_1c_1e_1o_100sh.jpg,SCI-FI,三维-场景,15271,40,434,GengXiHR
https://img.zcool.cn/community/01c3525f3a1c58a80120a821076db4.jpg@260w_195h_1c_1e_1o_100sh.jpg,-华沙- [新旧城],摄影-环境/建筑,11545,32,191,晆时_micheal
https://img.zcool.cn/community/010c185f3a244ca801215aa0d0b19c.jpg@260w_195h_1c_1e_1o_100sh.jpg,汤臣杰逊【A1西瓜吐司品牌新视觉作品分享】,网页-电商,18589,117,1125,汤臣杰逊
https://img.zcool.cn/community/0144035f3a0655a80120a82108e126.jpg@260w_195h_1c_1e_1o_100sh.jpg,《“金鳳玉露體”延展应用——品牌标准字体设计》,平面-字体/字形,17264,51,546,CreativeZaiZai
https://img.zcool.cn/community/01f3805f39e84aa801215aa05acc67.jpg@260w_195h_1c_1e_1o_100sh.jpg,【佰芙·宠物食品包装设计合集】让我们来撒狗粮~,平面-包装,11766,25,219,小狼君LangcerLee
https://img.zcool.cn/community/01b04b5f321a49a80120a82139de8e.jpg@260w_195h_1c_1e_1o_100sh.jpg,DNFx天宇手写,平面-字体/字形,7187,94,358,姚天宇_
https://img.zcool.cn/community/01ae7c5f39f417a801215aa0926ed7.jpg@260w_195h_1c_1e_1o_100sh.jpg,《鲁迅的都市漫游》书封设计,平面-书籍,4505,10,156,冷暖儿unclezoo
https://img.zcool.cn/community/011cad5f362685a80120a8216126b2.jpg@260w_195h_1c_1e_1o_100sh.jpg,喜鹊新作 | 一款包装破解凌晨2:00的玫瑰花语,平面-包装,10183,11,168,喜鹊包装实验室
https://img.zcool.cn/community/01f9325f39e32ca80120a8217781bf.jpg@260w_195h_1c_1e_1o_100sh.jpg,[4、5、6集] 动效设计中的创意与逻辑,UI-动效设计,11372,44,474,孔晨POINTVISION
https://img.zcool.cn/community/015ee45f3944f4a80120a821c79ea7.jpg@260w_195h_1c_1e_1o_100sh.jpg,野狗富贵二十四节气丨春夏篇,插画-其他插画,9197,28,537,野狗富贵
https://img.zcool.cn/community/03106535f382290a80120a82138d460.jpg@260w_195h_1c_1e_1o_100sh.jpg,&lt;&lt;他&gt;&gt;,插画-绘本,9596,25,596,冷太郎
https://img.zcool.cn/community/012b015f39d975a80120a821abd5f1.jpg@260w_195h_1c_1e_1o_100sh.jpg,KAKA星漂流记故事连载【10-15期】,动漫-中/长篇漫画,2299,3,40,KAKA星漂流记
https://img.zcool.cn/community/0116695f39f151a80120a821da370d.jpg@260w_195h_1c_1e_1o_100sh.jpg,快手：MOJITO盲盒ChinaJoy2020破次元首发！,影视-宣传片,12145,28,308,COMOON
https://img.zcool.cn/community/01cd0f5f392c98a801215aa07869fe.jpg@260w_195h_1c_1e_1o_100sh.jpg,若梦浮生，桃之夭夭，娓娓道来---IP系列设计,平面-吉祥物,9962,23,267,artanisterry
https://img.zcool.cn/community/0185b55f394b5ba80120a82159024f.jpg@260w_195h_1c_1e_1o_100sh.jpg,STAR LOLI | 星际萝莉,平面-吉祥物,3642,23,176,LinAwen
https://img.zcool.cn/community/0170135f395391a801215aa07abacb.jpg@260w_195h_1c_1e_1o_100sh.jpg,皮皮虾APP两周年：沙雕皮友的皮味生活,影视-短片,5270,32,155,至幻蘑菇
https://img.zcool.cn/community/01688a5f35f8b0a80120a821a04c76.jpg@260w_195h_1c_1e_1o_100sh.jpg,总算明白，为什么会有人心甘情愿为chanel掏钱,文章-资讯-多领域,3783,1,68,BranD杂志
https://img.zcool.cn/community/01cc0b5f357b09a80120a8219e8e54.jpg@260w_195h_1c_1e_1o_100sh.jpg,交互设计定律和用户体验地图,文章-观点-UI,7590,38,263,ExperienceDesign
https://img.zcool.cn/community/0107845f38d9e7a801215aa0255436.jpg@260w_195h_1c_1e_1o_100sh.jpg,虚妄 / Fabricated . 2020,三维-其他三维,8047,61,634,三金ThreeKing
https://img.zcool.cn/community/016d9a5f386a34a80120a821df3b18.jpg@260w_195h_1c_1e_1o_100sh.jpg,C4D短片 - 西途Westward（预告）,影视-短片,9052,22,187,六雲
https://img.zcool.cn/community/018eb45f38f2a7a80120a821a4e425.jpg@260w_195h_1c_1e_1o_100sh.jpg,电商主图视频 | 六合信月饼 ✖ 三拾传媒,影视-短片,13590,103,233,三拾传媒
https://img.zcool.cn/community/01ea685f38c606a80120a821cdb1b7.jpg@260w_195h_1c_1e_1o_100sh.jpg,若来文创--梦想，我来了！,平面-吉祥物,9080,64,756,牛小韩
https://img.zcool.cn/community/01797f5f386719a80120a821c0c18f.jpg@260w_195h_1c_1e_1o_100sh.jpg,Little Chicken 发条鸡仔卡通形象设计,平面-吉祥物,7866,47,774,狂奔的包子插画铺
https://img.zcool.cn/community/012dfd5f3648aba801215aa0384d56.jpg@260w_195h_1c_1e_1o_100sh.jpg,怪兽充电小程序,UI-APP界面,13959,57,406,小金鱼LittleFish
https://img.zcool.cn/community/0119a35f366000a801215aa0296846.jpg@260w_195h_1c_1e_1o_100sh.jpg,放空是世界-C4D三维渲染【7-8月项目】,网页-电商,38257,119,1628,212设计
https://img.zcool.cn/community/011ed65f362b0aa801215aa0874a33.jpg@260w_195h_1c_1e_1o_100sh.jpg,一本书也可以是一部定格动画,插画-绘本,9176,18,352,闹米
https://img.zcool.cn/community/0156d75f3a02cba801215aa0fc50cb.jpg,5G时代，创意短视频了解一下？,学习视频,无,无,无,站酷高高手
